bölgəsini	pengasingan	0.2965498899000502
isbat	lobus	0.20281251078648588
iranda	mineral	0.08615603391874435
yaratmaqla	penyerangan	0.3092675069015403
evin	tembakau	0.1799980049488242
başlığı	topi	0.22587474748076722
amerikalı	kategorisistem	0.20666260205333853
sahə	kejayaannya	0.292958661675809
göstərilmişdir	nusantara	0.13533908823768148
cəmiyyətə	pesantren	0.27692260114351464
keyfiyyətli	maha	0.05890318332203957
qeyd	dilakukannya	0.3297419816598266
burun	tombol	0.14704627831967174
xaçdaşlarının	ditambah	0.7713454414688505
etdikdən	rp	0.046889115984171684
düzbucaqlı	bertabrakan	0.6821034768766512
atır	panasonic	0.06596482136672123
payızında	logo	0.03252725418085119
təkbaşına	kena	0.08775898149111527
cismin	dikirim	0.0017702003456531233
israilin	kesejahteraan	0.0031850920909162078
yayıldı	sosialisme	0.3246670054231941
deputatları	jurus	0.19827557101647822
neftin	madara	0.0791209701897926
artmışdır	bengawan	0.5574307813540783
məntəqəsi	sesudah	0.3163919578297883
dağın	medis	0.05136817493675213
hökümətinin	pssi	0.27962232164293255
verib	persenjataan	0.018914245173110147
ov	ahmad	1.0
alınması	perbankan	0.1833802301002627
sözdən	dikenakan	0.18408116728733406
bilərik	karboksil	0.6603783635035885
quranda	subsidi	0.13659626551728232
sahəsinə	lumajang	0.4148826082361018
qazanan	naturalis	0.4484121146608051
qəmbər	penjara	0.3159831397636343
sarayının	kewajibannya	0.18673269340326187
bəzədilmiş	kepompong	0.3281414286794038
günlərdə	dipastikan	0.2597501822522476
dəli	karat	0.0774148743161083
məcnun	pergaulan	0.00608755930832099
cənubu	masih	0.07093228083301922
sahəni	mengklasifikasikan	0.07125468263121286
ondan	ita	0.1813356678653471
istifadəçiyə	bubat	0.28124620811808154
bərəkət	kemajuan	0.00023363574974042
ölkədaxili	pantas	0.07883395636361279
maddələrin	kakeknya	0.28580497822851814
göstərir	bersejarah	0.5008049250547048
