hücumundan	gelynion	0.2273946861029103
əjdaha	allt	0.050011796075236835
yazıçıların	lysgenhadon	0.0483492492617807
roluna	colofnau	0.12529397988884045
çıxıntı	amrywiol	0.10135248120159024
qurumları	nghyfnod	0.18601154196314942
şərtləri	culdir	0.2145815631186201
tapmaq	rheidol	0.5493457986463514
doğma	fformat	0.48719671990497104
iqlimə	semenaidd	0.18465582130840166
ilahəsi	blentyn	0.21620773623688305
məhsulları	pêldroed	0.13385459817048975
iyun	gorchuddir	0.02454331065450631
qurucusu	phlentyn	0.054334747270760785
cinlər	llai	0.09834516394492232
№	gyfradd	0.14593118122465104
modelləri	sneddon	0.040264477436962196
elmdə	arbenigwyr	0.00467368364538287
axşamı	tonnau	0.07388396701726546
ildırım	gymysgu	0.5578030350186276
azər	leiafrifoedd	0.1885139338561709
şimaldakı	gallinago	0.8056388642490773
geyim	trefedigaeth	0.9008746119156255
prinsiplərini	lwyd	0.06829730008539614
azdır	wrecsam	0.29722977348113677
hazırlayıb	ddoleri	0.06344211667612058
informasiyanı	mewnol	0.038759807333828306
keçirilmişdir	catalaneg	0.3642715340893594
liviya	percoladur	0.12808869308880663
stalin	gardneraidd	0.028187009665387158
təcavüzü	lymff	0.2613779027682557
yarımkürəsində	pherfformio	0.03518821481273002
müharibənin	enghraifft	0.23617917243229888
praqada	gwastadeddau	0.020562851945435764
konqres	mhortiwgal	0.03862556769611968
icarə	angen	0.29260561142433655
florası	gorsafoedd	0.0006298187696237705
oksigen	dechreuad	0.0484225147897391
bakıdakı	godro	0.26686256743619297
ölkədə	ynysu	0.04309812116642624
thumb|left|	cuddio	0.057531107757991494
axırıncı	dyddion	0.49928339877631195
səviyyəsi	dinasyddion	0.18885018298298953
lövhə	dolennau	0.2091129366050375
yaxınlığında	dorri	0.11984807501886498
düşüb	signalau	0.13315045961873348
selevki	angau	0.01587904270719912
başqalarının	gwerthiant	0.08891290269902168
aparat	saesneg	0.09467189448276848
qaradağlı	ddisgyn	0.14615302297400976
