извърши	administrationen	0.16203695345109892
мадрид	långsamt	0.6926907142350854
признаване	genombrott	0.00040099595636931747
справя	vampyren	0.023742713754712833
периферията	krav	0.029262680266922168
покритие	väljas	0.09784337976846731
закона	blod	0.11648001137191491
александров	arbetat	0.020671532641758153
важните	klippiga	0.459147917027244
социално	församling	0.10961292332566178
княжеството	hittar	0.04175490352234474
пише	skilja	0.14900553651101106
уран	kommittén	0.5580114145617495
човешко	mytologin	0.05565512170611649
материал	populärkulturen	0.589177497312759
обединените	härrör	0.03944456305758028
второ	företagen	0.07259262657037535
сулфонамид	par	0.18499163078482234
моята	borrelia	0.7061321036280357
реката	bekant	0.36197279265234805
позволи	upphovsrätten	0.06293127501527501
атаката	moberg	0.25530211939285147
провеждането	förbjöd	0.0012139636503270632
китайската	lämna	0.10078634370920406
кафето	ökenråttor	0.6777822789729654
пролом	personliga	0.32577168067841833
голямото	utlöste	0.01846420772176363
интереси	förts	0.0032909594895704484
независимост	timmar	0.0070407910492876966
дава	offside	0.13046020001401995
найстарата	rankning	0.03786717053608264
започнал	belgrad	0.38989703459951536
елемента	värnplikt	0.4187721253921659
запознава	konto	0.28189106906786554
опитва	mått	0.49791284851100726
белини	albumen	0.03523438920840384
психични	landområden	0.33578078183875404
живак	vägnätet	0.07724204289654098
лятна	när	0.2409748302134273
отлага	där	0.031945981227147355
специалната	konserten	0.25280792916196976
кучето	problemen	0.11501619156347129
различия	uppror	0.0027702275925575357
кола	hemland	0.24202357823616583
снимка	fötterna	0.6800399206086376
дарения	tät	0.0006724024038828927
уникални	vätet	0.26094411511013055
поглъща	eiffeltornet	0.653371112538384
спирала	militära	0.3228938917328186
имала	förlusterna	0.10447511912968149
