тогавашния	weltmeister	0.32801482174892543
церемония	empfangen	0.23931238210255804
ваксина	leute	0.5680300979508285
тнар	turner	0.26578576551651467
евлия	anakin	0.025963553884986928
отчита	musikvideos	0.1107307825606026
обреди	report	0.20740351243361682
съветници	formulierung	0.03933180940232443
блок	schlagzeug	0.19098745425168856
средна	siegel	0.9076368872520963
година	leichnam	0.7248257656084942
луис	unterzeichnet	0.48879233024108604
съществуващи	z	0.018382721095783285
трир	erleben	0.5201285028835699
крал	fossilen	0.9391191312266546
обяснение	bestrebungen	0.03117602832354226
всяко	prozesse	0.40167144912597585
трупове	gleichgewicht	0.8312703033178106
бани	städte	0.7905163540327044
пазарна	organischen	0.04562670227149526
подобрява	böhmischen	0.06867035607972592
снежната	samt	0.48688525913757674
клип	punkt	0.7253189249789006
текстилна	zdf	0.39841250165281406
корана	kommando	0.7075659375749919
награди	perspektiven	0.014885150080483541
съвременен	schulz	0.722616985245287
разстояние	aufklärung	0.010086399512094054
калоян	verbessert	0.04021573637998981
свят	psychologie	0.1606168924095899
растителен	magazin	0.10527259487202978
придвижване	indirekten	0.2992512038896817
процеса	adria	0.033793954623929735
газа	preußens	0.0735797255907839
комунизма	utc+h	0.29096465747217115
първоначалната	glas	0.35313347255875893
бургаски	abtreibung	0.28819087334904336
дъб	erdöl	0.11662412490804328
преминали	beantworten	0.2260247532007315
затворени	missouri	0.09011331444929568
гибелта	aufgehoben	0.13588549792126073
пациенти	schwedischen	0.32738848642161444
лимфни	primär	0.12579731696475385
латинското	verkündete	0.6079499499593893
сингъл	gewebe	0.26078635162131847
горна	darstellungen	0.2449031706604824
дунава	unterscheidet	0.7182049779904347
млади	empirische	0.42811565135421475
германско	bmi	0.5108510043488247
произведенията	vertrags	0.17237393937684928
