hadžiabdić	championnats	0.6161436155015142
pokretima	gaston	0.0026244962663418475
karla	conclusions	1.0
monarh	formée	0.6528002333131705
rođeni	fédération	0.12007672803903256
odvojeni	immeuble	0.6925645237187261
bavilo	fellation	0.10131308837258016
odgovarajući	te	0.09031484659197649
ostrvo	fourni	0.18424973081041324
češka	tolérance	0.021297204256479574
balkan	casablanca	0.3054714151841784
medicina	italienne	0.25450005838839773
stoljeću	partager	0.07051604700179646
prijestolnica	dhonneur	0.12923902863945494
izgradio	divin	0.40691299937892195
takvi	lexplosion	0.1763374743200273
obrazovanje	ps	0.19994165326431665
termini	loffre	0.1259929345235313
princip	retrouvés	0.09006683172634233
brže	empires	1.0
austrougarske	calcium	0.0651368074869222
formirala	motion	0.08680907560562091
avgust	modeste	0.19336681680098008
sjedinjenim	publie	0.016222334661737024
gornjem	astronomique	0.15912353753961078
zalihe	firent	0.1131656521287953
buduće	exige	1.0
južnu	gouvernementales	0.00808794764241391
bosansko	guerre	0.46121140852121334
slovenaca	malheureusement	0.04897858364322957
kategorijanovi	vertus	0.4852580224369218
razumjeti	université	0.2775700931962275
župe	pancréas	0.4080392361451799
oblike	nettement	0.09530832419524352
onoga	activement	0.018485284798958952
nagon	essentiels	0.47360936582720614
jedinstveno	combinaison	1.0
paladijum	sage	0.07296226377597771
djelovanja	laprèsguerre	0.005531390036992685
procesu	précédant	0.03421415096014125
južnjaci	bauer	0.2491557973994397
lcd	européennes	0.16836113816576145
uspijevaju	devrait	0.09831504279805663
plućnog	panthéon	1.0
pobjeći	jugés	0.03571518708858834
arbih	fictif	0.23327097545980527
čiji	œuvres	9.485373881804539e-05
naklada	violon	0.1383605473058498
rimljana	lalchimie	0.019544923499583117
javna	positifs	0.09919426022863333
