priznanja	electricity	0.10012158522533814
distribucija	went	0.07307028334014877
pada	adriatic	0.03174778635289452
dokumentarni	balkans	0.5171884580993572
unuka	conquerors	0.2572755708741736
vrha	mission	0.17063439199595987
ukloniti	earth's	0.22680068819950355
napravila	estonia	0.17524110861568726
uobičajene	albert	0.5330898696154223
komponenata	offcast	0.12449956342705852
segmentima	wait	0.21414921569320244
tajna	ensemble	0.1259702241053809
loša	understanding	0.13208602824177137
nacionalnu	mass	0.36625747736608955
dubrave	upper	0.15991953935164444
alije	(of the) pair; (of the) couple; vapor; (of) vapors	0.03417391001336403
zatim	contain	0.07859789094965988
slojevima	chatedral	0.2568550197605387
formiraju	wildly	0.034173898963683384
ključ	neck	0.6689830628941337
jezički	request	0.003463888133904485
austriji	beslic	0.8006852669846041
odlaska	siit	0.01194284271170803
irske	vojicic	0.22592812338031723
spavanja	quichemam	0.02679920414661499
teritorijom	bas	0.0027303350582528678
klasične	dissipation	0.15692742136774201
razumijevanje	sings	0.028822621715534773
interese	isa	0.10353767712329871
gabela	thereof	0.18524694724415197
matičnu	ortodox	0.21126577247572312
banja	like	0.20240079519353718
moderno	vertebrate	0.11800549284995882
popularnoj	authority	0.051590022865718295
utemeljen	hastat	0.07690969066167465
spolni	best known	0.0006447480974186794
najviše	water	0.10078316491129578
zbirci	sects	0.08465838236296225
glavu	religions	0.26478887600371426
proza	wilhelm (name)	0.08383217924188384
njemačkoj	site	0.029244107430638842
istih	estuary	0.4597722145806863
prava	dear	0.11459586346506291
tačke	vocal	0.09591961698546692
središnji	croatian	0.022821234299812896
muž	commands	0.05840112666345543
šalje	abortus	0.17454563085721425
preradu	having	0.2560941608827136
kupe	first	0.06611532488656878
norme	centers	0.04735993963857134
