ejakulation	भूमध्यसागरीय	0.23705925474663922
schickte	प्रश्नों	0.18074345359734706
gehabt	आक्साइड	0.041847383916271894
spektrum	ग्रीष्मकालीन	0.12293721576753873
zusammensetzung	हैया	0.30085300977541374
unbekannte	अधिक	0.08097933714796214
wohingegen	गुजराती	0.13404400733108518
neckar	व्यावसायिक	0.0017459094643813662
bevölkerungszahl	भीड	0.29019745940258773
denselben	प्रदत्त	0.0003819978200237445
streitkräfte	भविष्यवाणी	0.42741620880351405
seltener	सुरेश	0.8754115000650818
verweigerte	ऑक्सीकरण	0.4854374293013823
griechenlands	देरी	0.24853969468019665
japanische	व्याकुल	0.03648472755810872
wind	डैनिश	0.09356362645084129
bestrebungen	मंत्रि	0.13174751196585818
hermann	त्रिकोणमिति	1.0
einfach	एण्ड	0.09494871719045529
geographie	फूट	0.8139423731373384
fach	टॉवर	0.002182565570268379
aufnahmen	इनमे	0.02233525127388168
voldemort	खोने	0.050089608030395874
bay	त्रिज्या	0.0509026011512286
verstärkung	अभिकल्पना	0.11512566376433164
roger	वानरों	0.4323151489371958
fruchtbaren	टू	0.27063584007135943
ruf	प्रदेश	0.9275701046009945
mayer	मांगे	0.6406551824307558
dtv	टर्की	0.7327841593209884
elektronischen	दायरे	0.2313491943635575
erfindung	लापता	0.08861474058113328
ausgeführt	पूछा	0.1448817450791536
stuhl	कहते	0.8802271709439706
bass	तुरन्त	0.3873419166772045
atlas	चढ़ाने	0.08377061903575812
unterschiedlichen	भीतरी	0.03988276368563563
version	इनमें	0.007670909573976442
größtenteils	संस्थापित	0.15928749822870653
frauen	समाचार	0.021822007362253
berichtete	७५	0.013603501552135416
häufig	रेलगाड़ी	0.49503721135271384
briefmarke	लंबी	0.7411627336935234
genf	राक्षस	0.5584506255150398
module	सूर्योदय	0.5677880873363841
symbole	सोसाइटी	0.41813353177905
vermeiden	युग	0.005296701931460588
klassiker	नो	0.061959518309496996
medikamenten	विजेता	1.0
eingeteilt	वृहत	0.18497494519703278
