bodenschätze	portreadir	0.0764430753450875
landeshauptstadt	norwyeg	0.0798636506969662
zentral	seremoniau	0.16816834638994113
integrieren	ieitheg	0.09367136794088296
gemeinsamen	bomio	0.1394984259883188
scheidung	gorymdeithiodd	0.1605728053341905
kategorieperson	affrig	0.15002731191816054
differenzierung	trosedd	0.09472627949792847
entspricht	ŵy	0.372480566352265
empfangen	chwarter	0.04747230868268923
absolvierte	phryd	1.5767053758060103e-05
erkrankung	redpoll	0.08003427614291256
beschließen	laeth	0.12430754039979894
vergleiche	goelcerth	0.06397046186998095
heroin	porthladd	0.44223759547994934
windpocken	arferid	0.6266713538942074
einfachen	fwynau	0.11431098139904972
blutdruck	ystyrid	0.0043306686383139635
betrachtet	pont	0.07480220247571504
itunes	rhestri	0.06933893056054026
nummern	saesneg	0.2656764153744608
lois	flaenorol	0.05650672889926576
süden	rhostio	0.08306967051265822
vietnamkrieg	teithio	0.2483391935068495
ioc	ysbrydoli	1.5229402050186262e-05
offene	cyfnodol	0.32959064215887124
las	drosodd	0.3049479095981129
wilden	grefyddau	0.02442665485764471
western	robin	1.0
jens	phleidlais	0.3985039242904723
erhielten	iŵl	0.24662242632053527
schillers	ddigon	0.6262291418463771
unzufriedenheit	padrig	0.12349619591869997
konzipiert	bost	0.12204131027620523
watson	dystiolaeth	0.05554918549683491
auf	anawsterau	0.012324850463033997
sammlung	amerig	0.37782989348539375
zone	thracia	0.45914791702724483
genetische	abergwaun	0.21265490217334676
verehrt	hir	0.15650901225666689
dörfer	ayyb	0.2131547287304849
akademischen	galwyd	0.0014394858547128325
wolfgang	pererindod	0.6548462087408101
gegner	lleihad	0.1004288477466041
offensive	gamblo	0.0405342726827254
individuellen	setophaga	0.15384757960000156
zeichen	glawdd	0.1077486833123022
erster	cyfyngiadau	0.020722029826048878
testen	effeithlonrwydd	0.005856927243516039
überwunden	modrwyau	0.2208034668040125
