deutlichen	barındırdığı	0.055188551391342294
schwach	seferler	0.12651942686320072
angestellten	finlandiya	0.011839740623383664
umgekehrt	tesisleri	0.8143267484737836
öffentlichkeit	şampiyon	0.005284728270038627
substanz	moskovada	0.01266604579675103
vgl	niğde	0.4955545777137681
perspektive	istedikleri	0.41801818878007896
stadium	şizofrenide	0.1512480980974342
lily	dönük	0.04109345757507583
stieß	yücel	0.21641733049488396
vorliegt	ol	0.07845214062683527
brasiliens	cezasına	0.21025352883298606
kohle	ışığında	0.23889868322739022
wenigen	teknikler	0.11834002388866599
standorte	moğolların	0.45374268860727307
bruno	motorlu	0.021308207051076153
berechnung	hindistan	0.3553426449863953
zahl	kralların	0.43984086971488956
annahmen	medresesi	0.9449258975556204
mangelnde	serveti	0.15499846926163197
anus	atmosferinde	0.10192665387467632
magnesium	gecenin	1.0
jemand	standart	0.11170215022939223
heimatstadt	lerde	0.15065053183429333
reduktion	işleri	0.08042631427934906
theoretische	sekiz	0.33619156251297344
geologie	turnuva	0.08085561288648957
entwässert	öncelikli	0.029777408222124848
berichtete	söyledi	0.0013471931881440765
misst	norveç	0.7531173345889975
grundschule	venüs	0.0007421198304745074
begriffs	dergi	0.3900213099511485
bedeutsam	destan	0.013071784584939097
momentan	duvarları	0.3223606466765884
fortsetzung	müze	0.4057049477729448
zuwanderung	yerçekimi	0.2251387823850789
lost	erozyonun	0.0002992627452764624
sokrates	denizine	0.4268313666430183
thailands	olmadığı	0.1919747789341692
hindus	uluslar	0.11020978481055896
empirische	okula	0.5431838465737896
verpflichtet	kürtçenin	0.24467088643389806
laufende	mülkiyeti	0.10047962368918747
ursachen	seyirci	0.7927250411775513
organ	duyulan	0.10723458567414743
fauna	bilerek	0.11448209673831047
gesundheitliche	kadınlarda	0.3538848023334768
vorliegt	projeler	0.13945788973671552
afrikanische	futbolcuları	0.772595739773966
