heiße	colectivos	1.0
genaue	agrícolas	0.13285148035010094
olympia	chris	0.10323245263598924
verbrauch	ideologías	0.019552705649181292
aufstieg	modalidades	0.15843625220009083
zucker	coseno	0.8420930275734234
magazine	cierre	0.11243467861208677
beschluss	notables	0.14237688592621123
überprüfung	sombras	0.45941950323396924
l	latinoamérica	0.2016527131115545
muster	determinantes	0.7947185935882428
moderne	romántica	0.18634504933448712
holte	consideraron	0.0033352558755316156
institute	baladas	0.8301527884695035
sitze	positivismo	0.5921356054039392
verfügen	simpatía	0.00131572984821274
ansichten	disciplina	0.6890122605991802
kardinal	dominicano	0.3808726743311165
angriff	aisladas	0.24105056122052287
spätantike	adam	0.08452780092047311
verringerung	organizaciones	0.14988257262823135
bekannt	parlamento	0.8012567814349952
gründete	abril	0.2532563052716998
technik	metropolitana	0.04589902233576565
gezielte	sino	0.01824432471001308
welt	manera	0.3044557723124872
heiratete	teoría	0.4550416750001922
nationalparks	suicidio	0.5948406754247719
bahnstrecke	caridad	0.6741423794276338
ohren	certificado	0.7063593545744197
geographische	stewart	0.8633065897282162
finanzielle	proporcional	0.28107732598920554
dosis	ninguno	0.2342093704563446
bürgern	captación	0.29644391868492376
wüsten	marshall	0.06644157545394563
arbeitslosenquote	ix	0.0705698141343855
keine	ra	0.011821740802785865
erklärte	palacio	0.49946597582374563
inhalt	debía	0.30089586052634404
teilnehmer	probar	0.13247929919367804
emotionen	grande	0.12483301677786555
montag	causar	0.18266584357255042
breite	introducen	0.09848904226654819
sagte	representa	0.00031162141859326003
technologien	finalización	0.01493206346419751
disziplin	establecimiento	0.46359134033017896
kontinuierlich	bruto	0.19606940397450337
worte	frases	0.009018764703350262
souveränität	influyentes	0.015535094665911141
geschlecht	parís	1.0
