überzeugung	jugozapadnom	0.11965032939947326
claudia	dominacije	0.45274616834582
pkt	nacionalnim	0.2497021785779862
jüdischer	rječnika	0.10790975901065067
armeen	koktel	0.6988700102480624
stiller	administrativne	0.7474320999984144
spielt	smanjenja	2.2084419067671712e-05
eigenem	grčka	0.19920773076228337
sonne	medij	0.16411060106102668
zählen	crvene	0.5178795657173118
eng	počitelj	0.02470735411290127
we	spojevi	0.10148513651778791
eigener	događaje	0.000947013450625055
vision	nedostatka	0.1256615192539108
flächeninhalt	ekonomiji	0.23496639464424915
wollen	bosanskoj	0.37906898411067064
ausländischer	krenuli	0.15528569933465092
grafik	ribe	0.30548987982159764
malfoy	zauzimanje	0.5650571036219073
erwin	prođe	0.5867774928810253
anwesenden	materijala	0.028433208906697035
teilnehmen	bogatstvo	0.16966556024744475
darum	karakteriše	0.3508440115791717
verbringen	egipat	0.019625594586928766
kombinationen	jezike	0.0009271532737599845
schrift	fakulteta	0.2088144755578967
trägt	lokacija	0.29659649749741496
bruders	radnju	0.07105025719651434
kreises	sociologije	0.09219859783320214
schwerer	izražene	0.48528484532232485
diskussionen	muzeju	0.047281224010791295
ableiten	tehnologije	0.25612849218832895
dna	popović	0.6014895253827662
christiane	savremene	1.0
dialoge	stvari	0.210870134766367
härte	boravak	0.21057637732192078
beteiligten	dunava	0.07972216652488558
festlegung	savremenom	0.10499411538320828
vorübergehend	prisilio	0.2018429419947017
volkswirtschaft	revolucija	0.2978154695462745
erhebungen	zemlja	0.7531572470127437
d h	aktualizirano	0.008645881125024261
alliance	zaboraviti	0.028073927753665722
cohen	liniji	0.6375402115657197
regionale	keramike	0.06570973872474227
vision	evropski	0.10948153842782588
romanik	promijenila	0.5461772117007215
silber	udruženje	0.13530560610867923
politische	buenos	0.07100530828518169
emmy	primarno	0.3354493641473221
