calculus	dimilikinya	0.2417761977470822
endemic	cianjur	0.0018377959797965056
landed	berpurapura	0.13597445749090287
animal	dipecah	0.1998414591706601
smart	tabanan	0.8096902653020699
jayakatwang	jend	0.13281787919836555
kahuripan	butiran	0.47259501274439897
porong	hamas	0.1636029437713407
neutral	menamai	0.17450176022340821
habit	anggun	0.5160880550135399
immunization	katalis	0.2330459731569237
mecca	adiktif	0.9475427642498705
steam	peterpan	0.06764597383559348
homer	hamas	0.32493492958190673
fungi	brahma	0.05587310279476881
announcement	ditambahkan	0.3248958680193403
pressed	asambasa	0.06673378482616849
shooting	masalahmasalah	0.280145344322997
recede	edition	0.11986322849980068
simulation	konstitusi	0.056692672095109885
soewardi	ururu	0.11484398380571609
stated	fotokimia	0.18577575398998808
mangekyou	menghadiri	0.31186864259101454
gecko	mahir	0.07580339690147764
amin	bentuk	0.8441205403121326
tension	nusa	0.6358186400230046
couple	islam	0.005749633090521743
count	cita	0.5493335951617268
caste	abuabu	0.2605352256930729
beg	kotoran	0.023319150670541598
camera	norma	0.11348516373197774
asean	lambang	0.2753663686169954
operated	bertopik	0.398690679870372
donation	lintang	0.07680458567686918
outermost	berkas	0.02833157989399434
campaign	keluar	0.02913517790562853
pong	diperuntukkan	0.26570187542719714
rehabilitation	hermione	0.04757145282474839
discriminant	bulatan	0.4907779005902707
landed	bekerjasama	0.14534996362663508
under control	buta	0.6186150844005499
sirius	disaat	0.23722282108668263
read	disfungsi	0.5944990433205427
sn	rupadhatu	0.2975469777220503
magazine	dibintangi	0.1378707132780134
amendment	masamasa	0.13921204430837128
february	cabe	0.7365325695236243
halim	ditimbulkan	0.13393489933511027
chloride	karnivora	0.21229919444309708
luminous	gratis	0.08063771191152862
