setophaga	dechreuodd	0.9175967383525301
flower	llawysgrifau	0.5924354234307556
completely	gyhoeddus	0.03570426830618506
ffeniciaid	dywysoges	0.11930225404072697
statement	ficedula	1.0
founders	dangoswyd	0.013842544544918045
php	benderfynu	0.2563048688742328
staff	preifat	0.11180236259431219
angelus	moesol	0.19667943463647575
achieved	patrymau	0.04382160549482454
categorihylifau	cartilagaidd	0.09325262122821765
independents	cymoedd	0.049877933884830736
copying	estheteg	0.030881261962620053
copy	gwrthdystiadau	0.41691456988777587
hua	cwymp	0.04531508814810921
seats	sgìl	0.03229904528728062
gbp	delweddau	0.4690688276456694
stock	glanmor	0.14928698307418825
comunidad	trefnwyd	0.2118225339234833
cornish	symffoni	0.14636633217866296
zeppelin	ddefodau	0.2909774441815695
madagascar	cawcasws	0.03548791134228017
finished	cyfamod	0.05568020993619584
miley	trafododd	0.3245361430355424
der	symuda	0.11888356117138109
coffin	boddi	0.13179470429078133
abrahamic	ystwyll	0.0008870472073667582
swedish	chefnogaeth	0.034134226186452815
acceleration	rydw	0.07042651449400117
sediment	sôn	0.254595270535458
arctigalpaidd	lanius	0.15832172476619671
moonwalk	meirion	0.3144346659199014
continent	pumlumon	0.533309353563588
biodiversity	iddi	0.03375878467781531
edmunds	goideleg	2.2942698289286628e-05
ian	datblygwyd	1.0
cornwall	latfia	0.4443374688149757
cu	categorillywodraeth	0.01577662436117287
power	berfformio	0.13192355026499072
any	wyddbwyll	0.024803258559072564
edward	israeliaid	0.040360357723346
tin	wyrdd	0.20440276517308148
significant	planedau	0.07901262451044762
geraint	pobloedd	0.13220768841430708
intergovernmental	dechnoleg	0.07472521163725299
higher	gaethweision	0.000612841064689156
das	priodas	0.07816655241548547
gas	ffosil	0.20843128609074235
families	celfyddyd	0.4815557035918948
writings	seneddol	0.12253153021122962
