neuvième	alkalmazások	0.5276051980885585
ptolémée	ifjúsági	0.8481819029999059
prusse	megvédte	0.5128267962577733
sémantique	temesvári	0.5807637706184355
littéraire	gyűjteménye	0.23765478272364288
métal	intelligens	0.6130553130196649
convient	támogatói	0.13895567927347816
coup	szetter	0.15602059063263393
environ	megnyitotta	0.14246010340327595
sociales	vívott	0.3431523151665719
degré	jehova	0.38079836867909256
indépendant	elhelyezkedő	0.003412143904322924
voyageurs	válnak	0.1393610205716425
suscite	io	0.09111542037449898
alice	érseki	0.43482578410279016
accueillent	stadion	0.711435504986125
tna	alsóbb	0.10784922377248905
lextérieur	filozófus	0.3364109030808969
professionnelles	őszi	0.33333333333333315
conservation	vezér	0.07235562005535326
impose	magyarországra	0.10036916192782706
dexposition	kivégezték	0.3560722546384409
secours	szakadt	0.7569968040444116
lextrémité	felosztás	0.30257646431796853
bout	építésének	0.16726997746531633
capacité	főnév	0.03679336875538544
joe	ügye	0.064697622221372
jugée	megakadályozni	0.012634588789077528
paysage	szerkesztett	0.9424915074553197
australie	jelentetett	0.17980593231348854
linstitut	tony	0.09553739096941685
marseillais	kovács	0.44061125080061225
divisions	makedón	0.5311100544611577
périphérie	növekedési	0.009639444949136582
atome	ortodox	0.18672143292395738
sommets	háborút	0.4803429561275877
reagan	helyről	0.16160853550236454
choses	gabriella	0.01806163490119947
espérance	szélessége	0.2766640054533408
lenseignement	felelősek	0.20592792550239558
totale	helyeztek	0.08268598680718811
récupération	definíció	0.114934295712778
veuve	írók	0.5171410848024981
recommandations	csökkenti	0.5061384847879337
meilleure	tangarafélék	0.6614232604373713
guild	legnagyobbak	0.009926807676571538
accueilli	adatot	0.23971370223634958
personnage	mintsem	0.48793839673767936
permettra	ne	0.0075873909382320965
parisien	zöldség	0.8933240628850768
