onderging	hercegbosne	0.1813308242746143
planten	ljudsku	0.26029724353761874
snelst	osobama	0.010211768069003223
rapport	djelatnost	0.32875898444271273
ingenieur	afera	0.037376866200831776
veroverde	pšenica	0.7910535146066622
agglomeratie	salih	0.07866782982566692
leerde	engleska	0.05136845509107044
leest	desnom	0.18950442951080673
zozeer	kršćanska	0.013836066231631968
greater	dokaze	0.3880575104734941
hemellichamen	utiču	0.18995173436060636
teken	kompleksa	0.2796399888123399
verliet	obuhvataju	0.09122374783307298
afkomst	trudna	0.03967022412778173
nederzettingen	poznavali	0.3141737856764714
boeg	arapskim	0.32070277981058015
outstanding	baština	0.13073250870207528
subtropische	tokovi	0.06808081835323285
azteken	tvrde	0.21725304391808867
enthousiast	trebaju	0.06231141058420184
ijslandse	rješenje	0.7079297603240364
benen	federacije	0.835699511442975
ook	senatu	0.054375265823926405
voorgesteld	katolika	0.07053073578311059
omvangrijke	zla	0.15923441058349125
schubben	vasiljevič	0.017734175993312905
toegankelijk	ostao	0.3259122490148405
keizerschap	maglaj	0.20085322939434358
geliefd	stambenih	0.0025227106569395944
gewapend	naselje	0.09895411495193308
sa	zanimljiva	0.06980336470893195
snel	određuju	0.2362121539665735
katholiek	varoš	0.3170906621220699
blijvende	rekli	0.0015241459074235738
terugkomen	pukovnik	0.032773282106495716
noemenswaardige	priključuje	0.45430859475367524
davis	latinski	0.04343629897687193
gegroeid	navesti	0.3672251152690665
alternatieve	legionari	0.04698619994563541
brothers	večeri	0.08015495739969672
godin	šipka	0.13891484521147374
medicijn	redovito	0.14559306523628232
kruising	veliki	0.23686316382137393
klassen	određenom	0.11699651319597783
schatting	aktivnost	0.00018085752321337197
ondergeschikt	ispitivanja	0.00030367778285284497
mark	prirodnim	1.0
categorieamerikaanse	razaranja	0.03433276836626239
vroegste	decenije	0.1441901559385222
