landbouwproducten	qonaq	0.9278251141077709
euros	mayında	0.5650571036219073
kans	qaşqay	0.04174396423377667
zwakke	düzənlikdə	0.10592733070046309
richten	hökmü	0.019449757291264726
ijslandse	proqramları	0.14584892316606604
bezoek	malaxit	0.116405223847832
ruim	isayev	0.14520479318960303
akoestische	yuxarıdan	0.07870020258242837
opinie	turistlərin	0.9189700979160611
lama	şəhərlər	1.0
keizerlijke	demişdir	0.1882933373467377
sterrenstelsels	teymurun	0.9040359356040353
fundamenteel	respublikamızın	0.0026747038914558983
heersende	hallarda	0.005847044450001011
voldoet	əvvəllərinə	0.0016917669809902154
tony	demokratik	0.5863039173675816
anoniem	şəxsiyyət	0.39383289065991506
bevelhebber	başlanğıcını	0.021298135438313236
exclusieve	seçicilər	0.3798330655734593
trok	qeyrisəlis	0.06547652026297002
moeilijkheden	göndərilən	0.028463109251589208
regenwoud	həyatına	0.62392880825567
patiënt	əsaslanaraq	0.007872068651843351
steeds	yerlərindən	0.27566763985189785
fabrieken	alma	0.19678210066594606
schieten	kommutasiyası	0.20755442295237003
reliëf	əşya	0.3234825671599643
zullen	ətrafında	0.318464941699247
bloei	çıraq	0.13588549792126073
grijze	kərəm	0.5008958049875001
maatschappij	hərflər	0.05774889909841653
pilatus	sikkələr	0.10399421647773963
erasmus	gəlmiş	0.4021466644029947
ontslagen	aclıq	0.13654900564907546
xiv	avtobus	0.3019276695575117
toenam	yollarını	0.14840945460595942
route	bölgənin	0.14046933088687674
bezitten	orijinal	0.004789374471878474
landschap	prezidentlər	0.8107203200909988
filosofisch	xammalı	0.16991888781934264
opgetreden	adil	0.11215167631721622
yasmine	hindi	1.0
im	müəllimlər	0.06914270527531524
parochie	parlamenti	0.3148940926019744
klm	kilsəsinin	0.850870748969026
base	verilməsini	0.13669697812871776
exportproducten	siоnistlər	0.3404806618412602
poort	işlənib	0.8993370952764526
buenos	xətainin	0.10277993993697557
