səfəvilərin	istilik	0.2612564110590303
kəndlərin	into the	0.0007672356618386965
qalmaqdadır	yenice	0.44956407872641907
deyillər	trekler	0.19327959034252676
serverlər	ertiesi	0.7237890477740142
gətirilir	illegal	0.11105658389823943
müəssisələri	dynasty	0.6702064470946211
evdən	happiness	0.35054405276067546
keçirdiyi	press releases	0.2950062613024868
dalğalar	guba	0.0027943000855867916
