kompyuterlərin	bošnjaci	0.19507959412920414
səyahəti	narječje	0.31651951563090014
psixologiya	lopta	0.7285540676861059
sorğu	obruč	0.23080793583216458
yarandı	roma	0.0695365272604006
bayramında	kornjače	0.5621059674527772
səbəbi	ćazim	0.00886744374350133
gölün	datoteci	0.4439382667850517
saldı	zašto	0.1091400548025063
bülbül	mladosti	0.5342538912782286
