temperatur	alexandria	1.0
rzayev	critici	0.1693773929155249
relyef	umed	0.06469519275745073
gənə	dura	0.03126249413878823
fəridə	fluxului	0.22858884432063273
şimalqərbdə	răsăriteană	0.0503113966814322
cümlədən	globale	0.6383973199622239
aristotel	zonelor	0.15414347406402087
etimologiya	luat	0.030548363759775977
yaşamışlar	figură	0.04143261600924642
