işğalından	elképzelhető	0.3701323255422382
amerikan	tizenkét	0.07030980104810373
təhsildə	bizottságának	0.13519570440953965
xəzərlər	eb	0.07343981420773196
gənclik	válás	0.03732520364586461
faylın	közép	0.30937960069311154
əsir	történet	0.20858813942736418
meydanına	előző	0.14096449192547283
vebsayt	passzív	0.296871789761906
uzunmüddətli	rendszerben	0.4497336371454123
