inkişafında	aletleri	0.7854793709556093
saxlanılması	geliştirmeye	0.31395956603261355
rəngli	arapça	0.3147690645163652
şərtlər	virüsleri	0.28920896159186804
hökuməti	dernek	0.011674326037328823
müqaviləni	mirası	0.24384030130779913
məktubunda	hint	0.11862550209471763
dəyəri	dk	0.03251789923951838
tanış	marsın	0.22649972383028752
əlamətdar	boğaz	0.7639288149069837
