средновековните	menghapus	0.3635938836564647
популация	melintas	0.14653824573221008
сребърни	menyalurkan	0.4631768190808135
талант	jean	0.07801711878317731
автогара	tua	0.9260340245878192
хазната	dapur	0.8624362948648555
окончателното	hanyalah	0.08779717897846485
врати	burungburung	0.8169105985288502
записва	derajat	0.2927254093865499
негови	dukungan	0.06545568689382741
