либералната	decidido	0.12432146582489528
ото	enseñó	0.2592602139842728
теорията	estrellas	0.1425957846923231
мозъка	vestimenta	1.0
общи	of	0.0002207485036709662
конфликт	culminó	0.10658271984955006
културния	filamentos	0.09385679038011714
лед	interés	0.6480276663809938
консулство	nazi	0.02832511689467498
албума	abiertamente	0.36455967807418155
