максимални	infektionen	0.10406625354504079
пътеводител	gretchen	0.034795297706671335
етаж	aufweisen	0.06357571309808839
метод	grün	0.3646762013885666
намесата	dunklen	0.41196711263052616
найдългата	ableitung	0.8751847967799683
месопотамия	experten	0.08442209817790956
преобладават	dahin	0.13848209947444926
периодът	befördert	0.02625323019698867
найсеверната	besatzung	0.26506910696726427
