адрианопол	elementler	0.188995858138473
нови	kullanımının	0.429379110637912
чинар	gübre	0.1318407255951027
центъра	bilgilere	0.43987844915227314
равновесие	yahudilik	0.010938895853555909
средновековния	taraf	0.18715548955278535
отбележи	emri	0.012450923095378479
андромеда	arap	0.6107570966266983
наблизо	eyaletleri	0.8056594758347162
пониските	zirveye	0.18877649693374673
