materijalnih	contributi	0.0972332499740965
udarac	alan	0.06961962204098347
mašina	buio	0.5890468859983401
latinskog	grosse	0.26052819263268434
golova	artificiale	0.4241724531279422
veću	ballata	0.3776208397959793
uprava	pdl	0.3508545275381202
stvaranja	uefa	0.3295092936632467
opća	monferrato	0.5792837604983474
medicinske	rappresentato	0.5279279712412489
