meddylfryd	antártico	0.29810208883291384
tarddiad	aguda	0.07532399151722968
deuluoedd	capitales	0.5053005442169299
libanus	organización	0.022926041175344723
pencadlys	algunos	0.11661315133387928
aifft	léxico	0.15676712903439308
blaen	moda	0.8793578592758405
palesteina	célebre	0.08299482021272786
edgar	podríamos	0.10185373548572577
nodiant	fuentes	0.028109080522518006
