gyhydeddol	noritēja	0.4392148329117219
saesneg	neapšaubāmi	0.2042993931468952
hindŵaidd	nepieciešams	0.1624877394629357
cofiant	jābūt	0.3390308143706364
rhith	matu	0.36171017075149475
fraith	saplūst	0.11110888142033801
gwefr	komunisma	0.04023216350215764
gwmniau	īpašība	0.07360592494505201
ddangos	pieaugt	0.08033023274026302
hofrenyddion	īpašumā	0.1501876583921425
