linach	zahlungsmittel	0.11277701309734904
ceffyl	lufthansa	0.3547293554602505
imperialaidd	index	0.5310847471443413
heinrich	extrem	0.14027156005579702
gystadleuaeth	hause	0.3858998224013502
ngweddill	wahrscheinlichkeit	0.2762059730851614
sefydlog	streben	0.15852434380880437
ffos	abgegeben	0.01247024838535556
datblygwyd	tonnen	0.440919084672651
lleol	terroristen	0.3096129224639501
