tafodieithoedd	ovarium	0.6307947669004523
pencadlysoedd	perahu	0.6767950183285036
olympaidd	genetik	0.14678358316778442
sillafu	allah	0.19088318706645818
ymosodiadau	mufakat	0.3041821317718827
beiciau	keputusan	0.30525826565746517
roeg	menaiki	0.015413692846392314
llanddona	jombang	0.029206613118493506
swlffwrig	eksklusif	0.22538849264696945
effeithiau	logika	0.02501872540072931
