ernannte	kompyuterin	0.1770520586265212
musik	romanları	0.215695189972595
badenbaden	dediyinə	0.8111258879814157
beschrieben	məclisində	0.357777636657358
gründeten	fəallıq	0.00020914208070457114
oberrhein	çinlilər	0.3059321203371106
angehören	tikilir	0.12129369746103967
norman	meydanı	0.7016289010555121
del	regionda	0.10821240786882749
bewirkte	qalaların	0.15638107496427267
