schlagzeug	rowndiau	0.4892756539214988
vampir	dewisir	0.21049974221119996
theoretische	daeargrynfeydd	0.16427394856694208
römisches	gymru	0.09839610707847919
argentiniens	cymuned	0.015230307370247434
fische	arllwys	0.5936593061189985
technische	thannau	0.16049774933646585
anschließenden	penderfynwyd	0.011259712857509813
erich	gwleidyddiaeth	0.4410323906781395
abhängigkeit	lliwiau	0.1279655139359073
