bekamen	taraftarları	0.11195048477096387
umfragen	benden	0.3187347625426787
ungarn	tutuldu	0.35776775859795046
westfalen	inen	0.4473974861046633
entstehenden	serbest	0.11410601411062612
glaubens	grubun	0.28765063360177273
länderinformationen	numarası	0.4085302937372236
kritisch	ülkelerde	0.22158667292039022
benutzte	gaz	0.32864077570370603
ministerrat	kompleks	0.017012327987131006
