different	tradizioni	0.15794199056992025
punk rocker	iscritto	0.14036224930013366
andreotti	kate	0.09631100154583006
jessica	visitatori	0.8649667575656457
periodic	peraltro	0.392430672273807
chapters	maurizio	0.8098438803181094
write	esercitare	0.1118548937224772
production	novanta	0.046810651973832676
facts	uccelli	0.9173922616052689
actors	riferisce	0.6901556170455563
