globaly	metodologija	0.12501495387765588
winner	elizabeti	0.40612380802006187
postal	tvrde	0.1251012038016218
portal	hercegbosne	0.16021623691390247
amir	administrativna	0.41830804166514624
oils	pogledu	0.28719684683295416
ensure	endokard	0.1361754803058093
nurtures	poraženi	0.47503218223007976
milan	baštine	0.36143001409808
weight	bivaju	0.09389554309023941
