motion picture	fordítása	0.46690436622509573
harold	fauvizmus	0.6193411030316263
fear	szor	0.11569864039923707
kane	fájlbudapest	0.6748560765037434
swimmer	küldtek	0.5507442462574071
lázár	többet	0.36250258041554023
laws	elsüllyedt	0.7450945856464642
in battles	naprendszer	0.8538568619205602
sister	fejlett	0.00634213947147272
cone	aspergerszindrómás	0.48616894363355656
