scholasticism	marina	0.09086126886075341
almost	derrotado	0.44093819446592236
knows	comenzando	0.026823890927299577
bay	sistemático	0.7256413760870996
jim	wallace	0.10636976328434426
satisfy	noticias	0.039984897522231944
trains	salud	0.6178832527441198
panorama	cama	0.9276018189418668
d c	símbolo	0.12889925746057238
secrets	épocas	0.045853684110466635
