cooperative	kejayaannya	0.624440013429913
rebel	bereproduksi	0.25545736179884926
eaten	penerangan	0.16265190128374746
rupiah	bantuan	0.4529002217696371
soon	rusia	0.21867951639020441
container	utara	0.3768041354022175
electronic	kerbau	0.856365391534598
systems	kemampuannya	0.5858905703920959
barito	tempattempat	0.23241331314840796
mandar	berpasangan	0.041413136848607805
