modalidades	vendre	0.133860981317262
planeado	ouverte	0.2810711097624086
angiospermas	dirige	0.36144053577466967
di	morts	0.0760186970000587
naciente	formé	0.07259849421941401
rivalidad	matière	0.7652653551158216
isbn	brûler	0.6074078167961254
retorno	annuelle	0.5513483882405542
centran	attend	0.018752219118264683
ideológico	protagonistes	0.45772069352299577
