championship	speciei	0.24424007404522402
baterías	stabilă	0.6514135450771598
sobresalen	utilizează	0.004506775631243196
agresivo	studiul	0.20640961760028395
magdalena	antice	0.029569914188784505
manga	republici	0.1294482762851919
vacuna	limbi	0.012562411225598497
propaganda	lovitura	0.21931972389819088
asocia	inimii	0.02818434714324728
award	ivan	1.0
