respiratoria	fordultak	0.4553474107913839
dibujar	stratégiai	0.6175955969230985
cuello	chopin	0.08116773580967511
fachada	elejére	0.5789605071424907
puso	léte	0.1702090295939028
undertaker	gyógyszer	0.16932778905875262
aumentar	kúp	0.19379969636996236
trató	fényt	0.44400492027493343
angiospermas	adnak	0.38631250312991056
polímeros	rommel	0.145030802009279
