quelquesuns	raggiunto	0.01776047290724281
chien	corsi	0.9108612703637504
nées	basandosi	0.0161085317611121
mineure	cenni	0.06314788538693096
maîtres	ucciso	0.2585015678096479
répondent	sceneggiatura	0.6835040872874121
juste	modalità	0.337336537190638
élimination	attore	0.12999916466090183
paradigme	aggiungono	0.18863474975237493
vs	provincia	0.07302025560112076
