résurrection	bachelor	0.9044681313390548
pente	landtag	0.6322425704236986
américaines	linda	0.03371226671963972
affronte	olympiastadion	1.0
représente	standen	0.2311729642826724
procéder	airbus	0.365917442453173
fantastique	niederländische	0.5561550213489237
voix	kohl	0.3328690014630376
continu	kosten	0.04181029003692047
correspondent	löschen	0.07931363420758238
