profession	yönetmeni	0.7326993639650086
enfer	koymaktadır	0.6524438024240092
honoré	taşımaktadır	0.21612690708461632
contrôler	eleştirmenler	0.5941352403745027
placé	askerlik	0.6268740573890907
royaux	açı	0.5327931611134145
rentre	yasağı	0.5980018186006154
utilisées	kulübü	0.13047316528960495
chanson	alırlar	0.2055624962703959
inspiré	sisteminde	0.44674850668049026
