dimmigration	grāmata	1.7206258536057337e-05
démon	siltāks	0.5093202140451253
fables	angliju	0.05531765694932754
shawn	km	1.0
prononcer	tēmas	0.0005661153990734534
twitter	tālākai	0.11147283326650866
lenfer	barā	0.25628719763774854
existant	brīva	0.22970632917417189
évoluant	tabulas	0.8361240669204163
plaisir	lieliski	0.0386623860439645
