loisirs	chwyldroadol	0.15700999405466742
installations	coleg	0.10663135285674127
collectivité	pensaer	0.05764914808358122
charles	dawes	0.13891484521147357
léquateur	raniadau	0.08220447971955314
après	cadwr	0.18805678036857726
m	espresso	0.05278342988790786
réseaux	cyfeiriadau	0.19812635041825113
sporozoïte	athrawes	0.12231440950432543
caroline	afalau	1.0
