angolszász	dikerjakan	0.08921364776181487
visszatértek	bilangan	0.721136326403076
tértek	serbuk	0.9375866511787833
kívülről	public	0.07053879757577325
magáról	citacita	0.23481494627859348
rétege	rakyatnya	0.35473291077085656
fekvése	teras	1.0
eszközök	vihara	0.931608728997044
feltűnik	isteri	0.029672300826558536
jelezte	koordinasi	0.1460253032389354
