szinkronizálva	abdurrahman	0.35200971604136616
ütközetben	kuzeybatısında	0.0684512726186811
téves	bazıları	0.03456048136135759
látni	bosna	0.2242130751238594
mutató	macarlar	0.5850276629341702
széchenyi	getirdikleri	0.42915431865819126
megírta	yıllarında	0.5142411012059734
tisztséget	te	0.008981497719486404
érvényben	dizisi	0.6604032332819487
dezoxiribóz	veliaht	0.6318180626576109
