bölcs	interpretaciones	0.14257700700015613
ágoston	destacado	0.4713995929429981
balesetet	armados	0.6344219912473762
foglal	regresó	0.3090800459199157
szakaszon	saber	0.1069200022096543
foglalkoznak	fisión	0.5908270071727081
turizmus	clientes	0.051673052169723246
sorozatban	cascada	0.5306991769998154
honvédség	asexual	0.5978343775366808
helyezett	mitos	0.04786366228941635
