anang	türkmənistanda	0.45353384431888644
bumi	krallığının	0.6348475567888018
menjumpai	keçirilməsi	0.16530963483835834
anakanak	təsir	0.0001181627380254707
kurenai	çalışırdı	0.3035372993720068
dharmasraya	ömürlük	0.01535400379077466
macammacam	otlaq	0.2871731450994156
teleskop	təcrübəsi	0.5252536580341985
makin	çoxlu	0.061661622513084435
membeku	aləti	0.5024897833807825
