penyesuaian	wenngleich	0.3628282711716127
ugm	geregelt	0.12484476765406426
herakles	sollen	0.0788781191320194
putusan	jenen	0.15988043655048242
lensa	namentlich	0.3250375081119665
babilonia	palast	0.28285992507135577
pendekar	leds	1.0
kalium	bahnhof	0.9230358281255957
bahwa	pflicht	0.482959953618698
perselisihan	damals	0.4614607247497161
