samudera	pantaerythritol	0.3313457155456418
bernyanyi	type	0.5326634720358944
katanya	database	0.15864699548671912
jenazah	polluted	0.5288329155940473
selamat	belief	0.10254854057567885
anggaran	electromagnetic	0.17100869773069605
rantau	kalijaga	0.22908815238952535
pengetahuan	occurrence	0.05440374499200469
pakuan	all three	0.04499154629524151
siswa	mpu	0.5401280556753505
