galaksi	yazılır	1.0
kepemilikan	idaresine	0.004389387680586279
akbar	dizel	0.07311147160136403
seljuk	kredi	0.10297788704937438
gunawan	kapitalizm	0.5553298984088091
berjuang	uzaktaki	0.05871436596389894
lipid	sporcu	0.21213795923351847
transpor	başlayınca	0.5439433598247638
tebing	devri	0.8599995886420896
kategorifilm	tezler	0.0014548387879012678
