democratici	figyelemmel	0.47766763215751235
organismi	portugália	0.12061319546814672
portoghesi	kápolna	0.5556218855387144
amminoacidi	délkorea	0.3353580517512842
rodriguez	feleségének	0.00217314596638659
nuovi	egyaránt	0.005065216252210217
punta	segítik	0.6800205033112696
etrusca	donald	0.023871882141340957
passare	erővel	0.0275793099338683
pugliese	református	0.3306418816226056
