centrosinistra	constituent	0.1315329963305351
esami	effectués	0.029811265507490886
laurea	dimension	0.11247419895032643
vienna	lafghanistan	0.05240607230891499
discografia	attire	0.26674784874409857
unisola	band	0.12415406567054575
ungaretti	espèce	0.33812542022279996
perfetta	maori	0.19905633956719665
illustri	scènes	0.21202115582070688
ottenne	théâtres	0.04069373324091825
