fate	vermek	1.0
grazia	anlaşmayı	0.5200654997953287
studente	koşulları	0.39760071089164906
investito	halkına	0.3221720862681579
conquistato	gerçekleştirmek	0.030070782553366076
ulteriormente	akdenizde	0.40406159067311287
olimpia	gol	0.20338610304533888
appassionato	nur	0.34960280467124333
distrutta	katı	0.2780201015606821
leggere	rüştü	0.7205993815255354
