riferimento	uzbrukumā	0.35512928349625056
lagricoltura	jēkabpils	0.08144756207623312
distribuite	ministriju	0.14309873305312903
gene	iekšējais	0.04959121125434722
rango	vēstures	0.11047662580235997
caratterizzate	standartā	0.045745763563541444
osservazione	saūda	0.08024874902883665
sensazione	kazahstāna	0.05248085845806655
quaglia	autori	0.2996455228961076
scoprire	apzīmētu	0.051889111342015785
