volturi	congresului	0.0883511689762825
crea	născută	0.26738137389669625
montaggio	teritoriilor	0.06841087255089727
france	tehnicile	0.06950851797093767
consistenza	pornit	0.3541863196564775
manca	remarcabile	0.00047766439071176956
bree	tronsonul	0.07105097603785195
mediazione	societatea	0.06756032078580444
gioia	alexander	0.012162212791119191
vite	acei	0.06306277451655369
