problematiche	stranci	0.004341854516182688
tribù	bune	0.09784197902618919
bloccato	roditelji	0.03537552666007273
rabbia	banovići	0.6634827135512587
galleria	tumačenja	0.21817041795512634
totale	ulaznih	0.4517706320012809
periodicamente	svojih	0.09058802155313238
apprezzati	ustavna	0.12566016949472958
uccidendo	upisuje	0.10500121992008805
spettacoli	čitavog	0.13427833179021822
