vienīgi	desigualdad	0.149024065713208
mēģina	bello	0.23736369044758637
kristāla	orillas	0.3909573203604861
objektiem	conferencia	0.6137827891888764
viktors	estadounidense	0.02560820292744979
ē	dorada	0.0643438708942782
austrijā	polimerización	0.34663057063271996
austrumeiropā	asteroides	0.6441393002923577
domāšana	determinada	0.051699512761509414
masveidā	efectivo	0.5815296893359201
