eksistence	dikaruniai	0.30385528492099373
fotogrāfijās	dendam	0.31386681450572995
minēts	kritis	0.0010751723867020086
elektrons	eksentrisitas	0.005004680442559838
ņūtons	membahas	0.0008966933248136988
vienotā	ialah	0.6372763270202483
zvērestu	ternama	0.15272047370068983
šķidrumu	sepertinya	0.07979968221222697
krāsas	harry	0.036841791077848886
pamatiedzīvotāji	kanada	0.16060648413397127
