minderheden	həmişə	0.287238359827563
schrijvers	ənənələr	0.25582587041290766
bevestiging	hüquqi	0.021488547238546256
mysterie	bərdə	0.49992513198116634
teek	respublika	0.31371311278590003
verzamelalbum	çörək	0.8440628570455592
leidse	sıradan	0.13430108255825027
hongersnood	hərəkatı	0.08338325344834414
verspreiding	artsak	0.1355309690937637
gelijke	yaradıcılığını	0.155172778622601
