spirituele	verzweiflung	0.32117281675731485
gescheiden	darunter	0.12746967299305687
hoopt	äußert	0.14907649216930077
nadat	brasiliens	0.19357142144869338
eerdere	wahlrecht	0.12069682698450737
united	kuba	0.10790607805529395
waal	erschienen	0.4111941124104056
brief	station	0.2763288325436982
stoffen	hiervon	0.8775342289576072
kijker	erhalt	0.18369862203023463
