hangbrug	proporzione	0.8476234848780162
mengen	registrato	0.03279458932149266
derhalve	continuare	0.03406282485586685
klachten	direttore	0.11189281805722424
bevolkingsgroei	milano	0.6599542809985999
ulcerosa	avuto	0.20816467156847335
momenteel	ciononostante	0.06517870553048723
allerlei	ministro	0.6224286394108897
sindsdien	sparsi	0.03741822582656151
uitspraken	client	0.14919402516605765
