uiteindelijk	владара	0.186368434534931
baarmoeder	завршавају	0.47472249852927917
historie	армије	0.036962385432566205
beïnvloed	арапске	0.030356384578035692
franse	његову	0.341864335509948
groots	кухиња	1.0
getuige	анализе	0.11230201655699132
voorkomt	босни	0.11357810490271218
hangt	формација	0.3980148219909294
olifant	занимљивости	0.6934761447105359
