utilizând	textilien	0.310507306589499
comunele	vorliegen	2.6100581340909745e-05
macedonski	rolf	0.2882627536887327
victor	vorbild	0.11007052323093947
prevenirea	offiziere	0.5493930335233039
încât	bilder	0.06465422801428151
vizitate	ersten	0.37786686872882397
raport	schwierig	0.35407480320325657
cutremur	zugänglich	0.03724506834857258
reacțiile	banknoten	0.698989516327647
