cotidian	dibudidayakan	0.2520037982299457
literele	rekor	0.20627777509046027
stil	babi	0.14647672149155802
ziarului	sanggup	0.2467752308219631
televiziune	pengalaman	0.20367549090707524
trup	lingkungan	0.09852088731984703
cătălin	prabu	0.07010033810927384
etimologic	sepertiga	0.2740973309815588
intermediară	sumbangan	0.1276290912928405
oedip	janji	0.1426613557078411
