conține	yaradıcılığının	0.15914008197236124
manole	qorunub	0.18209457242789623
pedeapsă	nəzarəti	0.005173112147243525
pictată	xurma	0.22370254194852904
minune	zəngindir	0.2497581546805249
europa	dənizin	0.33832030091443843
ordinele	izləri	0.010092067683993188
pozitivă	yoludur	0.13048047113191533
pierre	rayonları	0.12236875686138252
societate	valyuta	0.18702121140045933
