legale	vīķefreiberga	0.3855322024062718
restrânse	etniskais	0.07009933420173187
constata	iekšēji	0.03385876281173104
moldova	saistītās	0.045504838676296885
nava	uzmanību	0.06575093916248234
cântăreața	versiju	0.23617893597637352
demn	krieviju	0.034835892632085835
republicii	žanra	0.014239216190752359
lipsit	spējām	0.07292439856883763
impactul	pč	0.3492750954570756
