sovieticii	suggerito	0.07839424158428188
ducat	inglese	0.0834063517232355
germana	riusciti	0.45362695069300435
cine	preceduto	0.06073402900950079
înflorit	facce	0.9421584906327692
presupus	facendo	0.045574343264507766
diverși	dallaltra	0.12525901427772668
formule	enorme	0.7884924161392708
autostradă	cattolico	0.5171171208077832
soluții	dollari	0.31093570963614514
