mesajul	chymdeithasau	0.09007861372028725
târgu	dylair	0.1849000992170839
japoniei	sefyll	0.0008714665105134313
biblioteca	hiwmor	0.4347000278687552
mamifere	rywun	0.1374107002849009
singură	passage	0.12286440689350667
instituție	ddaw	0.007105251913681612
înregistrarea	annwyl	0.03615680193552169
urme	beddgelert	0.8536160957592968
patul	dienyddiwyd	0.06395997915279943
