baudelaire	prérogatives	0.0542428403799466
propuse	hard	0.16544945356145133
olimp	west	0.17227963065447452
aromâni	annuel	0.21055261611692622
orar	tahiti	0.25751416177003117
mătase	relief	0.016499080960761785
silvia	poste	0.0863759400649923
modernizare	cicontre	0.30161956535722584
obțină	riz	0.6010203051578323
existente	période	0.2312868320804235
