павић	particularități	0.22973090007621735
тренера	uzinele	0.7961483260449909
супротном	topul	0.06293270332770068
означавање	ținea	0.3315041587666787
решавање	rară	0.13384092995794097
марко	vasile	0.10944127186146882
зову	drumurilor	0.1780318286661464
ћелији	romanii	0.060935260579004606
освојили	aparținut	0.1264415640602833
србијом	modificat	0.09372490261920008
