интелектуализација	komst	0.05552940176913062
род	uitgebreid	0.3464139393165217
ун	off	0.06480449269509699
грегоријански	brandende	0.07527522036553151
амино	dieet	0.873644729482799
напретка	die	0.08936085568011437
ловац	mozes	0.009272155932842936
чишћење	hypothalamus	0.011903956602512178
прославе	dal	0.05567054123501001
јерменији	monetaire	0.060665867817346
