socialism	sessualità	0.13958220151129502
gemensamt	libere	0.1519221428252261
vietnamesiska	chitarra	0.2640683597449583
bon	stampe	0.037894956179200176
arbetsgivaren	oscar	0.07916348805937354
ryska	depositi	0.022532332370534085
england	traduzioni	0.13515063402283747
införande	jordan	0.10559309139265746
antogs	prigionieri	0.0963363369855052
diamanter	esattamente	0.8019108497944459
