karlstads	elektronus	0.3055527730702947
faktiska	populārākie	0.045994584803194453
medlemsstaternas	fāze	0.18941042532611388
avlägsna	ēkā	0.05414959415766168
inför	mongoļu	0.10996904347942894
monografi	piedalījusies	0.29826916827725064
kroniska	karavīri	0.7049296968399205
kaffe	dažādu	0.5654561306590008
ledarskap	izejot	0.5163912477887463
kalksten	pieļauj	0.7470019546658654
