anledningarna	valova	0.17362073634359237
utbud	hormona	0.1522586327479557
utrotning	nezaposlenost	0.04385750744884695
skabb	muzičari	0.22524974643683265
störtades	žute	0.16510594316886654
produktionen	značajni	0.004230827851164137
petter	dezinflacija	0.6502355933688531
hämtade	historičarima	0.021134997579875997
transportera	budizam	0.03426627038602895
profet	rafinerija	0.88893044947552
