förintelsen	terbit	0.932464554555851
nätet	menjamin	0.09900023279091058
gemensamma	samasama	0.023916083881268282
undan	bertolak	0.09291402184542567
obligatorisk	komplemen	0.5355149766172983
medfört	numerik	0.09047851340697613
kontinent	bakat	0.49200897828987294
rätten	menyerap	0.02482393656327431
snitt	lada	0.1569987168356222
vetenskaplig	isotop	0.061719824963859776
