motståndare	dağıdılmışdır	0.5672099692878738
manlig	səsləri	0.26781739642007535
tenderar	satış	0.13338320980960677
avsett	bethovenin	0.17720634748003183
klädd	kəlbəcər	0.5549847132505255
inkluderas	birləşmiş	0.0023719532732374947
läste	təklifi	0.004501163321308203
sångaren	generalları	0.08304838107778299
försäljning	beyində	0.08725402875485909
monoteistiska	marşal	0.30257114952380826
