centralbanken	réservé	0.07712197885879597
släppas	sortis	0.09436809719302246
atombomberna	ministres	0.687348330300438
enbart	peoples	0.03826259847823817
tappade	cela	0.4012713758645635
rötter	tld	0.07658287335646285
sydöst	toute	0.018456419212067043
objekt	érotiques	0.03407507343913483
folkmun	réalisations	0.053186709249173784
trakten	léconomie	0.051385594649468395
