வசிக்கும்	dienvidkorejas	0.01286746571834341
பொழுதுபோக்கு	literatūrai	0.06376560904310981
சமண	izpilda	0.4320868857103252
போராட்டம்	ierīci	0.4371148094379878
சபை	transformatorus	0.14714369491331178
ஆஸ்திரலேசியா	siltumu	0.0009031166497063831
கடற்படை	saimniecisko	0.22973696869405832
கெம்பெ	mājaslapā	0.17677908790246996
எல்லைகளாக	izskaidrot	0.016500301790657663
விளையாட்டுகளும்	ievēlēti	0.165665541977417
