இராசேந்திர	poljoprivredu	0.0766791566769563
சேகரிப்பு	muškarci	0.9133093474224814
மும்முடிச்	lokalnom	0.1267298014061873
கேரளா	civilizacija	0.012659589535003096
சமயங்கள்	ugarskog	0.03332341527520852
மறுத்தார்	mezheb	0.2369081796821125
வருகிறார்கள்	većeg	0.10617026936078296
நாடாகவும்	djelovanja	0.07718627113111234
பயிர்கள்	singl	0.08078414401961842
சீரிய	sociologije	0.32812471901751195
