belirtilmiştir	militato	0.18813653231057673
ayıran	eccezione	0.0956500058429263
baskısı	filippine	0.35946641665140994
kuruldu	barry	0.04959121125434722
tropikal	inizia	0.3196177082544493
oynadıkları	chiusa	0.48704330479071883
tarafsız	composte	0.31832858743258546
sanatçı	nelle	0.12748662188791415
yönetmen	ordinò	0.0853593304204102
mısır	pesce	0.39592582004013394
