mektupları	uzskatāma	0.4081302646647771
piri	olimpiskajās	0.17753877780193433
personel	vecrīgas	0.21166040185788343
süredir	senajos	0.5785643144962944
bilinmemektedir	infekcijas	0.008710457665542778
kütleli	ticams	0.41311356771915714
hayran	vietas	0.8029418751559373
ürünlerinin	definēta	0.09380952569322498
boz	politiku	0.00032791123452101205
sistemindeki	kuģis	0.7907325880808345
