yardım	diskuterades	0.3265731253729869
yazması	års	0.1849048472473135
gelecekteki	realiteten	0.10814564146816295
akademik	vetenskapsmän	0.29426655868270035
düzeni	naturen	0.2561878946091769
birine	världens	0.22485226889756355
ulaşımı	ockuperades	0.03188414599520853
bitkilerin	häst	0.7515174620991748
kaplı	flaggor	0.48690401537423494
düzenli	hemma	0.06559415616322195
