belirlenmiştir	ostvario	0.38800750010508855
nereye	najznačajniji	0.00946125528678859
politikası	naglog	0.4982440113701228
doğaüstü	pojave	0.0554353307453805
devletlerde	bogovi	0.30378066812431903
emin	golova	0.4103099478312096
rekabet	reakcija	0.03508265705786889
benden	historičar	0.0023624298044785286
kıbrısta	pravom	0.28149275208810326
olunan	zadaća	0.19543832349692564
