süleyman	sauerstoff	0.7867940331151845
olmalıdır	julia	0.5716285867808542
azalması	denkmal	0.7408721488104039
kendisinin	häufigkeit	0.6654961862977273
veriyordu	versprechen	0.2642860646687809
benimsedi	verurteilten	0.12063123767972232
açmaktadır	hauptrollen	0.005727383310021884
başındaki	bezahlen	0.1079248892764965
kullanıldı	betonen	0.32720104680029727
plakası	christina	0.10025553618890556
